"variable","E","k","rho","mae","rmse"
"DEM",2,4,0.986073916461053,1.02791066070365,1.36426462274848
"DEM",2,5,0.986549767849221,1.0115486202391,1.34087280419002
"DEM",2,6,0.986764289533181,1.00163739772078,1.32981853783815
"DEM",2,7,0.987003333068551,0.992458181418834,1.31786710870999
"DEM",2,8,0.987106354470177,0.986992960266994,1.31276118211482
"DEM",2,9,0.987227131146496,0.980625088411511,1.3067031692179
"DEM",2,10,0.98730901830289,0.976482058970273,1.30255388913053
"DEM",2,11,0.987382339213061,0.973288886105016,1.29882590234927
"DEM",2,12,0.987452481208852,0.969944701201283,1.29518630907476
"DEM",2,13,0.987487292945274,0.968027732643704,1.2934122501423
"DEM",2,14,0.987524875565968,0.966135978879953,1.29149798915902
"DEM",2,15,0.987545481796566,0.964638747074328,1.29047851469487
"DEM",2,16,0.987565185913321,0.963734003637797,1.28949557299228
"DEM",2,17,0.987587760610662,0.962624185081406,1.28832923433319
"DEM",3,4,0.987147954747791,0.984251524651046,1.31168592243566
"DEM",3,5,0.987610829926692,0.970230129124715,1.28707061793929
"DEM",3,6,0.98795833385905,0.956840370794493,1.26862872413119
"DEM",3,7,0.988137443337029,0.946410788152539,1.25898775571354
"DEM",3,8,0.988290820790387,0.940505455480562,1.25060537089021
"DEM",3,9,0.988450002238313,0.933490007441585,1.24200526588947
"DEM",3,10,0.988558578213265,0.928971349654439,1.23611712256656
"DEM",3,11,0.988629154089291,0.927339038460954,1.23219846943714
"DEM",3,12,0.988686415552914,0.925844566422087,1.22898930882254
"DEM",3,13,0.988723786750904,0.923999532123217,1.22689963864372
"DEM",3,14,0.988704319639519,0.923471213620151,1.22789313179765
"DEM",3,15,0.988735922586084,0.921215443690728,1.2261105131072
"DEM",3,16,0.988781178053395,0.919684213343472,1.2236257044682
"DEM",3,17,0.98880229235535,0.918829191348699,1.22246403958541
"DEM",4,4,0.989057439343077,0.890291910683196,1.20922588117177
"DEM",4,5,0.989443940695868,0.877272621025088,1.18747854553058
"DEM",4,6,0.989752589497016,0.868976314582761,1.16988689810422
"DEM",4,7,0.98986142757597,0.866933255768425,1.16368361141697
"DEM",4,8,0.989978357617824,0.861679641501489,1.15682126317905
"DEM",4,9,0.989968810059787,0.863311444786822,1.15734692748859
"DEM",4,10,0.990089870685119,0.858947978833679,1.15028912939159
"DEM",4,11,0.990162936633839,0.856283720524577,1.14609367552708
"DEM",4,12,0.990196143644899,0.853961551388129,1.14413648364087
"DEM",4,13,0.99023722649578,0.852122995665536,1.14172479276704
"DEM",4,14,0.990222887031415,0.852372353976143,1.14250377152473
"DEM",4,15,0.990222377191824,0.850649855448467,1.1424867220847
"DEM",4,16,0.990212041082449,0.849949198981162,1.14308258541111
"DEM",4,17,0.990196879781799,0.850480769674325,1.14395624182819
"DEM",5,4,0.990733759340218,0.813937502945906,1.1122195040028
"DEM",5,5,0.990945636144506,0.809561472841073,1.09948237675536
"DEM",5,6,0.991051431022521,0.805518771200574,1.09306808071593
"DEM",5,7,0.991100657904632,0.806362984838257,1.09005766259029
"DEM",5,8,0.991102093529561,0.806073036028493,1.08997757938915
"DEM",5,9,0.991206664807741,0.802690031627353,1.08358009757078
"DEM",5,10,0.991199846195835,0.804050641565043,1.0839942278573
"DEM",5,11,0.991129565094843,0.808618656551382,1.08829353012373
"DEM",5,12,0.991096228583118,0.810795266222567,1.09033667404142
"DEM",5,13,0.991079412834444,0.810152016877171,1.09136999265643
"DEM",5,14,0.991060152233557,0.811490992011594,1.0925404321651
"DEM",5,15,0.991089613700673,0.809681488195286,1.0907462070696
"DEM",5,16,0.99105926913285,0.811394757532528,1.09260234590538
"DEM",5,17,0.991032940438951,0.812619186081069,1.09421513604205
"DEM",6,4,0.992663508486938,0.716108379249901,0.990441959181053
"DEM",6,5,0.992730219993682,0.722002582271366,0.985876880183346
"DEM",6,6,0.992889442587729,0.719424615008625,0.97500528077551
"DEM",6,7,0.992818898065033,0.725984695297789,0.979888945350023
"DEM",6,8,0.992781171779327,0.727607403460663,0.982313325672386
"DEM",6,9,0.992653875294168,0.732699609782592,0.990851900481
"DEM",6,10,0.99259104682534,0.736974012271265,0.995042583798859
"DEM",6,11,0.992547296928334,0.739131078286378,0.997931572879981
"DEM",6,12,0.99249586654106,0.741585649034254,1.00133599087892
"DEM",6,13,0.992380535890612,0.746600981729274,1.00896811842085
"DEM",6,14,0.992307680721826,0.750714804443102,1.01378530303762
"DEM",6,15,0.992245238181185,0.754695682545578,1.01786145076517
"DEM",6,16,0.992188045027427,0.757905309642095,1.02158715883549
"DEM",6,17,0.992119159148915,0.762561586205272,1.02606321024221
"DEM",7,4,0.99412334250212,0.639114920278308,0.88694293954999
"DEM",7,5,0.99408164186322,0.639756129208829,0.889923852400781
"DEM",7,6,0.994136628499597,0.64319462057343,0.88558709060586
"DEM",7,7,0.994033829052166,0.652796191800003,0.893308695146739
"DEM",7,8,0.993923030488734,0.658936058477182,0.901458999601116
"DEM",7,9,0.993808053130777,0.666486835861512,0.909879235945078
"DEM",7,10,0.993708950961569,0.674313830482206,0.917098265035627
"DEM",7,11,0.99360315752464,0.682518384792408,0.924769092828904
"DEM",7,12,0.993443517992103,0.689586889597257,0.936193436144578
"DEM",7,13,0.993341749080895,0.694666328041094,0.943413455205634
"DEM",7,14,0.993269002754276,0.698306021277156,0.948538372194465
"DEM",7,15,0.993144183461387,0.703874641859387,0.957287967499391
"DEM",7,16,0.993066141292432,0.707903918558293,0.962729381989755
"DEM",7,17,0.99295771702075,0.714338280087219,0.970202152209798
"DEM",8,4,0.99496299160228,0.595204858043242,0.821151735478058
"DEM",8,5,0.994912449174364,0.597979932192955,0.825058672267727
"DEM",8,6,0.994901635499164,0.601819280958315,0.825851324509249
"DEM",8,7,0.994835716102781,0.608515658241185,0.831172772818838
"DEM",8,8,0.994694343883055,0.616717759030825,0.842434803097281
"DEM",8,9,0.994505475121498,0.627793447057652,0.857255713413196
"DEM",8,10,0.994343197627429,0.640641765957342,0.869793515571767
"DEM",8,11,0.994227503971609,0.645799641689906,0.878638002558123
"DEM",8,12,0.994102400761221,0.651656005138008,0.88810385867559
"DEM",8,13,0.993958179547467,0.661939467158766,0.898867517079001
"DEM",8,14,0.993842006830912,0.668859300823055,0.907456691157821
"DEM",8,15,0.99374290659045,0.675183445840321,0.914719824708324
"DEM",8,16,0.993671387254296,0.678972046438597,0.919940937448608
"DEM",8,17,0.993564800581848,0.685717479104202,0.927635835975183
"DEM",9,4,0.995398738197391,0.572460892059112,0.785301979120314
"DEM",9,5,0.995477743673361,0.56784275686113,0.778028053480458
"DEM",9,6,0.99548968512259,0.565224311397988,0.77693071703535
"DEM",9,7,0.995355437322939,0.578783746129236,0.788393793901294
"DEM",9,8,0.995245355854751,0.5872618172345,0.797619496593625
"DEM",9,9,0.995061028154232,0.599047645275951,0.812888692950257
"DEM",9,10,0.994920517396388,0.607899646423871,0.824326761673145
"DEM",9,11,0.994732260757148,0.617607847000856,0.839423070536713
"DEM",9,12,0.994582848641187,0.625582782288158,0.851210208819317
"DEM",9,13,0.99447549584589,0.633279688251421,0.85958110259927
"DEM",9,14,0.994341679602224,0.642652722823702,0.869904535923187
"DEM",9,15,0.99422365005112,0.6492746403919,0.878905287965645
"DEM",9,16,0.994084308804853,0.657017858316551,0.889416621200344
"DEM",9,17,0.993952143526009,0.664032467655595,0.899278120372287
"DEM",10,4,0.995843236446983,0.545919514337536,0.746156360408404
"DEM",10,5,0.995945175689605,0.539351793693924,0.736777525498867
"DEM",10,6,0.995891115088325,0.539895441247083,0.741623336137375
"DEM",10,7,0.995741406827303,0.551554418339885,0.754953883136341
"DEM",10,8,0.995629899401715,0.561838377389753,0.764738562248252
"DEM",10,9,0.99546952564095,0.572804205510905,0.778630034068063
"DEM",10,10,0.995290705557043,0.584920482059779,0.793823974833907
"DEM",10,11,0.995133653060682,0.593432033785863,0.806950235202502
"DEM",10,12,0.994982174753673,0.602060760970106,0.819355163501654
"DEM",10,13,0.994853964109543,0.611381978166519,0.8297290119006
"DEM",10,14,0.994724587112687,0.619910611076224,0.840055937771485
"DEM",10,15,0.994628412498214,0.626615438837123,0.84764951628889
"DEM",10,16,0.994487719355608,0.634272670608753,0.8586521388051
"DEM",10,17,0.994349059561731,0.642532039323874,0.869349579526865
"DEM",11,4,0.996085499166317,0.526879083396399,0.723999775388431
"DEM",11,5,0.996193439847774,0.517429808508955,0.713953230888197
"DEM",11,6,0.99625352078336,0.513711833425739,0.708268236094078
"DEM",11,7,0.99607348237603,0.527090161919613,0.725030424967433
"DEM",11,8,0.995948487332336,0.537547812224685,0.736453425515759
"DEM",11,9,0.99580708521465,0.549605646254588,0.749201844632596
"DEM",11,10,0.995654941573124,0.560179129396709,0.762669215218755
"DEM",11,11,0.995490341767174,0.570299168814464,0.776948458756996
"DEM",11,12,0.995340687116828,0.578752880043381,0.789673643263155
"DEM",11,13,0.995210509726694,0.587398181371376,0.80062782299492
"DEM",11,14,0.995099281145893,0.596016431791989,0.809823677736752
"DEM",11,15,0.994967683602967,0.603026718142413,0.820577316972324
"DEM",11,16,0.994847274993504,0.611401448055825,0.830321618345563
"DEM",11,17,0.994748908003129,0.617269366781927,0.838176976980888
"DEM",12,4,0.996286695605331,0.511964130445345,0.705132170205957
"DEM",12,5,0.996442999129841,0.499446822726125,0.690134586510858
"DEM",12,6,0.996423729253005,0.500303493180422,0.692056713884011
"DEM",12,7,0.996311542990816,0.510297467726436,0.702848608447283
"DEM",12,8,0.996147227017993,0.52425953380211,0.718264907935944
"DEM",12,9,0.995995735210249,0.535319550338329,0.73221416332813
"DEM",12,10,0.995873255940616,0.54312980411806,0.743339668469873
"DEM",12,11,0.995733202014296,0.551075430220892,0.7558643365756
"DEM",12,12,0.995575710719794,0.56162190769376,0.769650285248617
"DEM",12,13,0.995453696643351,0.570905303825634,0.780162793011422
"DEM",12,14,0.995340570828294,0.579199644706917,0.789744157027123
"DEM",12,15,0.995232810502101,0.585489531856347,0.798822150143666
"DEM",12,16,0.995122359701849,0.592760619695714,0.807944367554706
"DEM",12,17,0.995006978722327,0.599352747230815,0.817399476085312
"DEM",13,4,0.99638050612359,0.50183145225072,0.69624068192166
"DEM",13,5,0.996533106411129,0.492541851818799,0.681508438693368
"DEM",13,6,0.99649393278297,0.494587604443708,0.685461860865197
"DEM",13,7,0.996405285804402,0.500891941581102,0.693947436210459
"DEM",13,8,0.99628818238651,0.514679275152397,0.705177431470215
"DEM",13,9,0.996100643887101,0.525888987749801,0.722730859420496
"DEM",13,10,0.995995931452472,0.531365197068474,0.732425616783781
"DEM",13,11,0.99583963151596,0.54182810834969,0.746533928620271
"DEM",13,12,0.995707448223277,0.552107504619186,0.758259085687661
"DEM",13,13,0.995601785527587,0.559241910360262,0.767506234037891
"DEM",13,14,0.995501295929511,0.567315404900697,0.776142340242386
"DEM",13,15,0.995388583924242,0.574678802124653,0.785754361273048
"DEM",13,16,0.995260695032496,0.581532905931267,0.79655113804363
"DEM",13,17,0.995141936940265,0.588483988533076,0.806437237402084
"DEM",14,4,0.996466259752262,0.494342003467496,0.687975975811972
"DEM",14,5,0.99661494756465,0.487764109917716,0.673490967017339
"DEM",14,6,0.99660827904016,0.486597858081455,0.674485393584718
"DEM",14,7,0.996514644123658,0.493577754813238,0.683519128547596
"DEM",14,8,0.996381601208524,0.50618948484511,0.696519224501542
"DEM",14,9,0.996227496609943,0.517074567915982,0.71103760145849
"DEM",14,10,0.996067483205636,0.525721043585426,0.725939373889017
"DEM",14,11,0.995920847178129,0.535191872756065,0.739284509741612
"DEM",14,12,0.995794735380836,0.54458103191777,0.750607513150757
"DEM",14,13,0.995714977811604,0.552683307182492,0.757676308411294
"DEM",14,14,0.995614573530218,0.558770886131509,0.76640786430099
"DEM",14,15,0.995483963451183,0.567433700935837,0.777765244052979
"DEM",14,16,0.995380499666845,0.574097466650298,0.786586167530901
"DEM",14,17,0.99528870510602,0.580054308044111,0.794314559371082
"DEM",15,4,0.996575276431707,0.487442859919435,0.677284809086309
"DEM",15,5,0.996705307811431,0.480054739100694,0.664524859020445
"DEM",15,6,0.996711822147004,0.477604016766906,0.664261337648407
"DEM",15,7,0.996609655569204,0.485059548067478,0.674258595899277
"DEM",15,8,0.996475033238461,0.497033945686471,0.687490835228785
"DEM",15,9,0.996306141283476,0.508530143286177,0.703715445014654
"DEM",15,10,0.996177159760417,0.517523241514223,0.715829358958162
"DEM",15,11,0.996040347714331,0.526187192080062,0.728434172778715
"DEM",15,12,0.995929020465015,0.534383029750977,0.738665376421814
"DEM",15,13,0.995823650884534,0.542823755749833,0.748183462453652
"DEM",15,14,0.995703629394324,0.550836136959331,0.758810537976143
"DEM",15,15,0.995587223152137,0.559047485739686,0.769039928763578
"DEM",15,16,0.995478799304041,0.566242012147392,0.778366926737781
"DEM",15,17,0.995390100419072,0.572249554785166,0.78586712623245
"BSI",2,4,0.716177118657386,0.0190487501055831,0.0270896446973248
"BSI",2,5,0.722855894607815,0.0186766606468902,0.026700692567634
"BSI",2,6,0.72517874579028,0.0184941238360634,0.026468396580529
"BSI",2,7,0.7276505307277,0.0183354536527754,0.0263114369393279
"BSI",2,8,0.729706373697128,0.0182088373198122,0.0261709586478107
"BSI",2,9,0.73108587291413,0.0181300548016857,0.0260753096760556
"BSI",2,10,0.731395396070953,0.0180814085629788,0.0260401136080696
"BSI",2,11,0.732624635661448,0.0180317913351505,0.0259642644745128
"BSI",2,12,0.733253006476493,0.0179906622457507,0.0259285610261711
"BSI",2,13,0.733524379469681,0.0179819170857784,0.025912830271019
"BSI",2,14,0.734271241067258,0.0179488962759386,0.0258665105048507
"BSI",2,15,0.734485146108181,0.0179420641940174,0.0258486667814181
"BSI",2,16,0.734737465118641,0.0179212357166111,0.0258325856919239
"BSI",2,17,0.734384137523151,0.0179186089715985,0.025838629293019
"BSI",3,4,0.745792898378902,0.0178446140640472,0.0255239791384452
"BSI",3,5,0.754489277498575,0.0173853010821635,0.024970726249211
"BSI",3,6,0.75728032442485,0.0171748696899781,0.024773347805143
"BSI",3,7,0.758631468686502,0.017080565330191,0.0246617917735451
"BSI",3,8,0.760883852638078,0.016948628886028,0.0245189457686772
"BSI",3,9,0.763472777166823,0.0168408974122459,0.0243708410369117
"BSI",3,10,0.766184673011522,0.0167181504301031,0.0242135994974431
"BSI",3,11,0.768337640864616,0.016687518891465,0.0240936575261382
"BSI",3,12,0.768386453438954,0.0166905631622825,0.0240794025769972
"BSI",3,13,0.770088411174294,0.0166054230940164,0.0239777784822416
"BSI",3,14,0.769765065432888,0.0165791688256857,0.023979073583817
"BSI",3,15,0.771258806701539,0.0165286570299511,0.0238985679605847
"BSI",3,16,0.771663947891975,0.0164807399810385,0.0238775028663871
"BSI",3,17,0.771418433627213,0.0164686009955091,0.0238849319957974
"BSI",4,4,0.770886827588017,0.0169816462375384,0.0242036302607253
"BSI",4,5,0.773857340730949,0.0167103400604859,0.0239717448825663
"BSI",4,6,0.783219582672733,0.0163627655939524,0.0234274956635812
"BSI",4,7,0.786111936028686,0.0161673215329642,0.0232475342918105
"BSI",4,8,0.787398108103531,0.0161062239379042,0.0231592856822575
"BSI",4,9,0.789697424752212,0.0160200572226712,0.0230174289719821
"BSI",4,10,0.791230277083657,0.0159273671936054,0.0229179914152032
"BSI",4,11,0.793142702852305,0.0158487258788927,0.0228101641495116
"BSI",4,12,0.794147091131353,0.0157641745942913,0.0227477085149598
"BSI",4,13,0.796146117606254,0.0156977328690915,0.0226380773863267
"BSI",4,14,0.796102738340965,0.0156797888066864,0.0226415943026471
"BSI",4,15,0.796434803234633,0.0156511547561138,0.0226129593141001
"BSI",4,16,0.798088535400168,0.0155865924008933,0.022524791401908
"BSI",4,17,0.797509925050058,0.0155848170378915,0.0225492609466677
"BSI",5,4,0.81015972373901,0.0154370818890923,0.0221895957618855
"BSI",5,5,0.812781433374549,0.0152054036992828,0.0219668650819105
"BSI",5,6,0.815352447022118,0.015058901133017,0.0217414991159198
"BSI",5,7,0.815915519994398,0.0149714895131096,0.0216795627729695
"BSI",5,8,0.817714137369009,0.0148902810959867,0.0215552397753692
"BSI",5,9,0.817777454069596,0.0148618336134354,0.0215381638474102
"BSI",5,10,0.817483566162502,0.0148812398593836,0.0215417639713872
"BSI",5,11,0.81802247614106,0.0148196620700565,0.0215015348863846
"BSI",5,12,0.818233429042911,0.0148151088207387,0.0214863878864298
"BSI",5,13,0.818053807387666,0.0148093714191146,0.0214897079398213
"BSI",5,14,0.818720325205501,0.0147876279187794,0.0214485194837048
"BSI",5,15,0.817721165856876,0.0147715422282193,0.0214997833549324
"BSI",5,16,0.817546252714943,0.0147621051515743,0.0215061689027637
"BSI",5,17,0.816754744421265,0.0147852915942643,0.0215454742504288
"BSI",6,4,0.83484397438368,0.014462424215415,0.0207246514480916
"BSI",6,5,0.83701504442303,0.0142845821511724,0.0205218763731259
"BSI",6,6,0.839805392291916,0.014164430567936,0.0203115929879968
"BSI",6,7,0.838554429820513,0.0141475731312604,0.0203800067331151
"BSI",6,8,0.83706366949399,0.014131297048977,0.0204559532465202
"BSI",6,9,0.8345616745175,0.0141535420056622,0.0205922666154947
"BSI",6,10,0.835138879889153,0.0141330092522033,0.0205488898811698
"BSI",6,11,0.8356906622671,0.0141132855345005,0.0205177424351285
"BSI",6,12,0.83434337774475,0.0141471183220805,0.0205910910667975
"BSI",6,13,0.833477922211538,0.0141505175582461,0.020637167718676
"BSI",6,14,0.83257608600125,0.0141859368189249,0.0206805383332509
"BSI",6,15,0.832175109592588,0.0142024107720128,0.0206986293824801
"BSI",6,16,0.832230674492654,0.0141920693509958,0.0206930978682299
"BSI",6,17,0.83163407022926,0.0142041609449773,0.020725531438577
"BSI",7,4,0.851595086432663,0.0132953105256227,0.0196870108219085
"BSI",7,5,0.851112405739596,0.0134046774712115,0.0196671266393416
"BSI",7,6,0.850672139685829,0.0134953250857678,0.019667252711505
"BSI",7,7,0.849913184605761,0.0135233766016492,0.019694026567299
"BSI",7,8,0.848084957093398,0.0135231052339002,0.0197985956130685
"BSI",7,9,0.847127990648275,0.0135453386839771,0.0198476067467231
"BSI",7,10,0.8460380167,0.0135805681016853,0.0199098880467936
"BSI",7,11,0.845155079458034,0.0136285994966351,0.0199590780368508
"BSI",7,12,0.845063695982702,0.013638912346758,0.0199598031790137
"BSI",7,13,0.845056436700719,0.0136573822701105,0.0199565583423929
"BSI",7,14,0.844846726644715,0.0136759287644467,0.0199675443942049
"BSI",7,15,0.843298626290325,0.0137335701380928,0.0200572798072444
"BSI",7,16,0.842320529544636,0.0137904702610303,0.0201131023087884
"BSI",7,17,0.841871861148525,0.0138136287604862,0.0201390848646752
"BSI",8,4,0.862183926129035,0.0128624570921644,0.0190384094374505
"BSI",8,5,0.861929311748907,0.0128565677366852,0.0189860110952082
"BSI",8,6,0.860820581331343,0.0128638364951014,0.0190266454493347
"BSI",8,7,0.857455369132066,0.0129410575564242,0.0192285607014905
"BSI",8,8,0.857280902890517,0.0129886531911185,0.0192294244729784
"BSI",8,9,0.85632876642106,0.0130447428340638,0.0192836767642415
"BSI",8,10,0.855953427637827,0.013057051979668,0.0193086060684653
"BSI",8,11,0.85374412580726,0.0131622142309818,0.0194454058834856
"BSI",8,12,0.852119664307075,0.0132514294231555,0.0195421170827889
"BSI",8,13,0.851597579949461,0.0132660610288722,0.0195705664857761
"BSI",8,14,0.850950694697225,0.0133144670824685,0.0196063051664646
"BSI",8,15,0.84968223535956,0.0133802332662643,0.0196821063544464
"BSI",8,16,0.847773841010391,0.0134607759272769,0.019796080060183
"BSI",8,17,0.846301282189391,0.0135035746874947,0.0198839077791772
"BSI",9,4,0.872572674740175,0.012292828520575,0.0183442534949824
"BSI",9,5,0.872215810716311,0.0122911165051636,0.0182908024042971
"BSI",9,6,0.872361432574532,0.0122792042440742,0.0182627031281631
"BSI",9,7,0.8665473209251,0.0124960528308444,0.0186422359230601
"BSI",9,8,0.869106511747466,0.0124414092608337,0.0184697024502663
"BSI",9,9,0.865935814332169,0.0125716025018351,0.0186815147057323
"BSI",9,10,0.863672954085232,0.0127025888737855,0.0188266592318928
"BSI",9,11,0.860362349877093,0.0128264920656693,0.0190354032671783
"BSI",9,12,0.858387070678485,0.0129332696513363,0.019156629676048
"BSI",9,13,0.857390872892736,0.0129508139831225,0.0192150457001009
"BSI",9,14,0.85565329139129,0.0130001721494615,0.019321021300839
"BSI",9,15,0.854702730110974,0.0130516165680972,0.0193762477899844
"BSI",9,16,0.852484266295773,0.013126829841493,0.0195113983624219
"BSI",9,17,0.851236775611786,0.0131881021265962,0.0195873129984236
"BSI",10,4,0.877668639458749,0.0118796721734937,0.017983969911133
"BSI",10,5,0.877655541391495,0.0119305516366415,0.0179110369106955
"BSI",10,6,0.875582998955714,0.0119930837922097,0.0180487655094395
"BSI",10,7,0.875657265691404,0.0119866559691826,0.018036175630786
"BSI",10,8,0.874739155391306,0.0120600410195949,0.0181009796961686
"BSI",10,9,0.872821111609708,0.0121951902592084,0.0182285295779864
"BSI",10,10,0.8703072932314,0.0123123382692072,0.0183927750464658
"BSI",10,11,0.867443299305501,0.0124251774317282,0.0185792836375061
"BSI",10,12,0.864315568949705,0.0125339575295702,0.0187794757155746
"BSI",10,13,0.86261940643752,0.0126153437712669,0.0188839974865793
"BSI",10,14,0.860212913998382,0.0127111295400347,0.0190343383978843
"BSI",10,15,0.858558443449312,0.0127920458892249,0.0191378760598341
"BSI",10,16,0.857259315749232,0.0129047293632144,0.0192188290688792
"BSI",10,17,0.856429124044965,0.0129455617542284,0.0192702782798948
"BSI",11,4,0.87771550254838,0.01189543435825,0.0179729492613704
"BSI",11,5,0.881681415912327,0.0118246740026289,0.0176348977160436
"BSI",11,6,0.880368471424071,0.0118326421445699,0.0177169852075478
"BSI",11,7,0.879348501221523,0.0118840223069596,0.0177837566672544
"BSI",11,8,0.877377685227695,0.011969891432389,0.0179187559724158
"BSI",11,9,0.874396248977437,0.0121384206721786,0.018118845405095
"BSI",11,10,0.871334758914247,0.0122464728065721,0.0183246608326359
"BSI",11,11,0.87067974425879,0.012317589694838,0.0183641075778374
"BSI",11,12,0.868042621465587,0.0124137489513496,0.0185363902881866
"BSI",11,13,0.866153177144485,0.0124908186919532,0.0186583762380527
"BSI",11,14,0.863848181621483,0.0125847556993121,0.018805129724935
"BSI",11,15,0.862711096434043,0.0126207610938538,0.0188769666397561
"BSI",11,16,0.861276563813538,0.0127179348644144,0.0189676170394014
"BSI",11,17,0.860525605358078,0.0127659658872765,0.0190160363016489
"BSI",12,4,0.885508618820731,0.0115414264004619,0.017387477816869
"BSI",12,5,0.883741433840915,0.0116226908005816,0.017481489063297
"BSI",12,6,0.883883876724242,0.0116203055542411,0.0174690313120489
"BSI",12,7,0.8815537179298,0.0117393044471034,0.017625999080764
"BSI",12,8,0.879720626377546,0.0118282227149107,0.0177569217344856
"BSI",12,9,0.878266212220359,0.0119210789244947,0.0178550793379122
"BSI",12,10,0.87501823083606,0.0120751223289709,0.0180771779525523
"BSI",12,11,0.872763946126824,0.012185404332547,0.0182258444950414
"BSI",12,12,0.870408354621031,0.0122875494739768,0.0183811390115577
"BSI",12,13,0.867850100569049,0.012395259406263,0.0185478948089468
"BSI",12,14,0.867259993782661,0.0124331767761727,0.0185856825776899
"BSI",12,15,0.865062037936109,0.0125304172943316,0.0187269494994281
"BSI",12,16,0.864341785085763,0.0125696657240662,0.0187734449515243
"BSI",12,17,0.863623080790842,0.0126372725473494,0.0188192936104193
"BSI",13,4,0.88856524353007,0.0113165188918051,0.0171660339885575
"BSI",13,5,0.890059003132533,0.0113260222644023,0.0170224625908868
"BSI",13,6,0.887686734404154,0.0114675783348871,0.01719062555257
"BSI",13,7,0.884958652710173,0.0115722044932464,0.0173886659260763
"BSI",13,8,0.881530873496489,0.0117330726667627,0.0176302703564459
"BSI",13,9,0.880104297806493,0.0118185678824062,0.0177288385650826
"BSI",13,10,0.876906203742989,0.0119408702733419,0.017948851359043
"BSI",13,11,0.874571142752488,0.0120566637611516,0.0181046034440739
"BSI",13,12,0.872310571295499,0.0121693365259925,0.0182538816175183
"BSI",13,13,0.870297233004459,0.0122518010471805,0.0183858811472625
"BSI",13,14,0.869003634122247,0.0123316584578552,0.0184707926963583
"BSI",13,15,0.866503464105411,0.0124553256185772,0.018633383184255
"BSI",13,16,0.865664262305897,0.0125083539062552,0.0186870021391916
"BSI",13,17,0.864438073206054,0.0126057046687405,0.0187670990407991
"BSI",14,4,0.889570805660309,0.0113076836532372,0.0170878108102493
"BSI",14,5,0.890218279285319,0.011198181392191,0.0170130702893893
"BSI",14,6,0.889835280306631,0.011331091630577,0.0170297650091302
"BSI",14,7,0.887302033072327,0.011460029719723,0.0172169010953356
"BSI",14,8,0.883310920861052,0.0116381965298112,0.0175044130079468
"BSI",14,9,0.880484495880695,0.0117768494840302,0.0176990487984944
"BSI",14,10,0.877522287428062,0.0118981717187369,0.0179045394776494
"BSI",14,11,0.8750659356148,0.0119844924901842,0.0180687640190242
"BSI",14,12,0.872627223339762,0.0121238197513793,0.0182311057380015
"BSI",14,13,0.870592547092886,0.0122051647355405,0.0183660145603281
"BSI",14,14,0.869282628340663,0.0123338684317575,0.018451813821173
"BSI",14,15,0.868185792062268,0.0124090205514794,0.0185241393052722
"BSI",14,16,0.866960264272751,0.0124741875411984,0.0186046352966984
"BSI",14,17,0.865510010639102,0.0125360157219403,0.0186992176696203
"BSI",15,4,0.891740711646492,0.0112136187796058,0.0169406008090551
"BSI",15,5,0.891990377695222,0.0111707902569725,0.0168804079309487
"BSI",15,6,0.891471019556265,0.011257626347523,0.0169175741641264
"BSI",15,7,0.88598153724645,0.0114570059300179,0.0173162572054037
"BSI",15,8,0.883165783728394,0.0115841878758318,0.0175166078160218
"BSI",15,9,0.880610164560402,0.0116902178514004,0.017693614771111
"BSI",15,10,0.878479991070067,0.0118161463683107,0.0178401579901633
"BSI",15,11,0.875330299460674,0.0119685004200699,0.0180535711440231
"BSI",15,12,0.872690466573961,0.0120886686716625,0.0182293872429465
"BSI",15,13,0.870675831408406,0.0121565188577135,0.0183609727543292
"BSI",15,14,0.870113478562626,0.0122391662068453,0.018397450654118
"BSI",15,15,0.869505959884284,0.0122830524876697,0.018438320551508
"BSI",15,16,0.86829131996373,0.0123405977606998,0.0185181638989442
"BSI",15,17,0.867592122879354,0.0123975075151608,0.0185648010704941
"built_density",2,4,0.733028503393374,0.195356790909026,0.275982371745563
"built_density",2,5,0.738235727853779,0.193579707243314,0.272835143138091
"built_density",2,6,0.742881647734803,0.191938452500628,0.270164951345011
"built_density",2,7,0.745323709227547,0.191247448082248,0.268691798083478
"built_density",2,8,0.747819307250528,0.190329831355924,0.26722888088667
"built_density",2,9,0.749513505153328,0.189777702072342,0.266229409055384
"built_density",2,10,0.75134439326588,0.189162961956352,0.265180726402744
"built_density",2,11,0.752252104079512,0.188886057539847,0.264638503095852
"built_density",2,12,0.753051514094669,0.188588526958978,0.264162973856216
"built_density",2,13,0.753540566816635,0.188348870232401,0.263866935557713
"built_density",2,14,0.75395411570332,0.188275081336342,0.263627103336608
"built_density",2,15,0.754640212613999,0.188085192329223,0.263239578444256
"built_density",2,16,0.755282462997363,0.187859191975093,0.262871915351066
"built_density",2,17,0.755605927975242,0.18770132086224,0.262701628996565
"built_density",3,4,0.752738707895428,0.187950491098036,0.265252819964992
"built_density",3,5,0.759960849919117,0.185389912888676,0.260997749938104
"built_density",3,6,0.766919656343586,0.1831997672441,0.256955054946427
"built_density",3,7,0.771474157773544,0.181494329773296,0.25419513509198
"built_density",3,8,0.776116707257489,0.179913332879663,0.251482096601109
"built_density",3,9,0.779185777655695,0.178801277210466,0.249729258393198
"built_density",3,10,0.780414733883171,0.178650944635493,0.24892999485636
"built_density",3,11,0.783258083370422,0.177698426269051,0.247308094535306
"built_density",3,12,0.784883052042576,0.177263379546418,0.246348630018287
"built_density",3,13,0.785836299008957,0.177068928502579,0.245762700192055
"built_density",3,14,0.786991800738627,0.17671048694581,0.245091256121941
"built_density",3,15,0.786732895536973,0.176812281400102,0.245193393556778
"built_density",3,16,0.788076211464324,0.176418253471089,0.244437885127826
"built_density",3,17,0.788652210110254,0.17608682846139,0.244103193734779
"built_density",4,4,0.778369035981475,0.175620593567345,0.25179070077969
"built_density",4,5,0.786232029263168,0.173272408255223,0.2468430468381
"built_density",4,6,0.792781457612857,0.170837701586395,0.242794768203062
"built_density",4,7,0.795818790929833,0.17014098107616,0.240812926408068
"built_density",4,8,0.799687541289847,0.169258533357732,0.238469960882071
"built_density",4,9,0.801244640587117,0.169090319837308,0.237491998996898
"built_density",4,10,0.802097666126994,0.168833545571582,0.236937752116333
"built_density",4,11,0.803197823300476,0.168249728744237,0.236244303767612
"built_density",4,12,0.803886672081824,0.168094093307996,0.235806855771044
"built_density",4,13,0.805675963303985,0.167589777128017,0.234766274976593
"built_density",4,14,0.80612848350091,0.16741340299771,0.23447383427035
"built_density",4,15,0.80680549736434,0.167337945530477,0.23404761772911
"built_density",4,16,0.807577814150807,0.167129000514962,0.233600397098297
"built_density",4,17,0.808675818412171,0.166940164128577,0.232955287303078
"built_density",5,4,0.815867703830569,0.156961115227533,0.23088688062664
"built_density",5,5,0.821855609858388,0.155219078823022,0.226667460903503
"built_density",5,6,0.826135743572605,0.153934600747747,0.22374464653
"built_density",5,7,0.827303271620679,0.154446116397574,0.222810432522442
"built_density",5,8,0.827680948889079,0.155062889637748,0.222463724102062
"built_density",5,9,0.829213587587785,0.155035400651515,0.221446572218169
"built_density",5,10,0.830327469114723,0.154822614357672,0.220706988998891
"built_density",5,11,0.830989933025195,0.154963954919866,0.22024444423022
"built_density",5,12,0.832094966707274,0.154933914724571,0.219545125589256
"built_density",5,13,0.831813275167703,0.155353058996804,0.21969575269438
"built_density",5,14,0.830899798492948,0.155902918455994,0.220209214705865
"built_density",5,15,0.831058514510793,0.156166915108137,0.220091200944299
"built_density",5,16,0.830968146709744,0.156298745055319,0.220143521413173
"built_density",5,17,0.830591221811145,0.156642392023479,0.220365108687053
"built_density",6,4,0.852803275214937,0.138583887191089,0.207207451245087
"built_density",6,5,0.854733038827514,0.138662828389797,0.205664271134529
"built_density",6,6,0.855964875445745,0.139565953601167,0.204731332486779
"built_density",6,7,0.854968101718114,0.140962118253873,0.205331342881685
"built_density",6,8,0.854575212977426,0.141886099461659,0.205538042236439
"built_density",6,9,0.853044252991316,0.143305642557943,0.206512645033944
"built_density",6,10,0.853053204139004,0.143610253015224,0.206508576049334
"built_density",6,11,0.850599477780848,0.145143666043166,0.20808521840082
"built_density",6,12,0.850050990768827,0.146137447252247,0.208452931965966
"built_density",6,13,0.848797555730303,0.147152028154402,0.209254923457119
"built_density",6,14,0.847607005073954,0.148131312054977,0.209999567521488
"built_density",6,15,0.847275744164169,0.148816892782891,0.210213620354534
"built_density",6,16,0.847107944876664,0.149333315466279,0.210315292012422
"built_density",6,17,0.846568919219061,0.149932152791425,0.210661974366061
"built_density",7,4,0.878167455958095,0.124812388253858,0.189344618539002
"built_density",7,5,0.876994334349516,0.127207223883361,0.190111801150836
"built_density",7,6,0.876279156814431,0.128695671053934,0.190602445175228
"built_density",7,7,0.874561008051783,0.130472048163405,0.191841938459592
"built_density",7,8,0.872763212994298,0.132080629958274,0.193121372014982
"built_density",7,9,0.871792640165105,0.133976921244842,0.19383686055219
"built_density",7,10,0.870664012178726,0.135548476831782,0.194673793752506
"built_density",7,11,0.868791130851786,0.136857455225166,0.195988980551972
"built_density",7,12,0.868168912722028,0.137436527078589,0.196438718214152
"built_density",7,13,0.866814068299634,0.138758824251809,0.197414712942381
"built_density",7,14,0.865251730682988,0.139819668199645,0.198502247167406
"built_density",7,15,0.864063251555893,0.140762779586876,0.199329701508147
"built_density",7,16,0.863194401962416,0.14162885788424,0.199946013794615
"built_density",7,17,0.862856454685394,0.142056030008104,0.200200963219377
"built_density",8,4,0.900162107181027,0.113512442572378,0.172296710352576
"built_density",8,5,0.899460422000541,0.115156908919064,0.172871567998255
"built_density",8,6,0.89988794244342,0.116091074992687,0.172601733186533
"built_density",8,7,0.896697115917527,0.118844618532708,0.175226226973268
"built_density",8,8,0.893826479559498,0.121300355174621,0.17753772172987
"built_density",8,9,0.890987686282727,0.123674092995979,0.179821773325693
"built_density",8,10,0.888741579930414,0.125674161086562,0.181589858633088
"built_density",8,11,0.886141514908466,0.127809504321984,0.183589512500324
"built_density",8,12,0.884106112388979,0.129637877786386,0.185153850259019
"built_density",8,13,0.882673634039746,0.131192489134573,0.18626801936029
"built_density",8,14,0.880324482872896,0.132705345215868,0.18798930241617
"built_density",8,15,0.878629855369132,0.134014438253342,0.189241988100682
"built_density",8,16,0.87693097938044,0.135185437481398,0.190505899825759
"built_density",8,17,0.87541308462083,0.13624805674202,0.191626761421309
"built_density",9,4,0.913321892071428,0.105875240263276,0.161099486004848
"built_density",9,5,0.912896929365323,0.107745148123586,0.161551527794744
"built_density",9,6,0.909866016152922,0.11035692249282,0.164266550915543
"built_density",9,7,0.906608576309106,0.112586701177389,0.16707812792053
"built_density",9,8,0.904275743742802,0.114982243391597,0.169129312172531
"built_density",9,9,0.901485191882505,0.117534330478325,0.171490582423456
"built_density",9,10,0.899394590558116,0.11953890414611,0.173294867196246
"built_density",9,11,0.897167665738487,0.121299904139394,0.175124234500849
"built_density",9,12,0.895309571407076,0.122913109384438,0.176668600414133
"built_density",9,13,0.89336526062959,0.124887579749926,0.178243401293673
"built_density",9,14,0.891534867002496,0.126226971222385,0.179677364480563
"built_density",9,15,0.889587526882276,0.127802384388268,0.181221504715618
"built_density",9,16,0.888498126792891,0.128814731726733,0.182095711410353
"built_density",9,17,0.887113438730737,0.130080613284338,0.18315713846178
"built_density",10,4,0.921342179649999,0.101268975140622,0.153829257577431
"built_density",10,5,0.92011579564059,0.103374832102529,0.155038120549378
"built_density",10,6,0.915511253137566,0.106877129790148,0.159330289111783
"built_density",10,7,0.912246578562211,0.109757354890944,0.162283948560727
"built_density",10,8,0.910073625250018,0.112232462693171,0.164297545860406
"built_density",10,9,0.907412422793274,0.11441567923114,0.166638790708322
"built_density",10,10,0.904911746288106,0.116373806769026,0.16882003755921
"built_density",10,11,0.902686022295311,0.118314119474671,0.170740602216209
"built_density",10,12,0.899770032729121,0.12040786351858,0.173133312792858
"built_density",10,13,0.89859209262772,0.121303478197612,0.174126593682463
"built_density",10,14,0.896525299251187,0.122919636352032,0.175812015282682
"built_density",10,15,0.8946814045015,0.124357666965454,0.177308332557619
"built_density",10,16,0.892443309139869,0.1257854510588,0.17903315660682
"built_density",10,17,0.891121610950152,0.126908033882358,0.180085480607046
"built_density",11,4,0.928775083636675,0.0971024903520716,0.14669280385596
"built_density",11,5,0.926443091806273,0.0994961470152227,0.149101946599469
"built_density",11,6,0.923406293322976,0.102146125867594,0.152154306640502
"built_density",11,7,0.920141047532156,0.104905514394505,0.155282183075273
"built_density",11,8,0.917778458932291,0.107466442411494,0.157521594504915
"built_density",11,9,0.914151710464551,0.110532350572619,0.160851756102724
"built_density",11,10,0.911411252230487,0.113033363332142,0.163361842671529
"built_density",11,11,0.90899941808039,0.115083468007844,0.165511948927576
"built_density",11,12,0.907161381186103,0.116849133555832,0.16713130998823
"built_density",11,13,0.905085519235955,0.11843282373277,0.168897881861034
"built_density",11,14,0.902859686709817,0.120034333257425,0.170747565881044
"built_density",11,15,0.901198413517542,0.121378584543526,0.172142872304938
"built_density",11,16,0.899469733498766,0.122498794394029,0.173539812833939
"built_density",11,17,0.898141481180856,0.123627175576763,0.174659322303415
"built_density",12,4,0.931156413466536,0.0949042576886307,0.144349705063375
"built_density",12,5,0.929222691069092,0.0973645355489031,0.146440802052811
"built_density",12,6,0.926215842699208,0.0998397792756203,0.149503855397018
"built_density",12,7,0.923362272377583,0.102535211238503,0.152325140336401
"built_density",12,8,0.921205795904309,0.104721638505094,0.154443503597064
"built_density",12,9,0.917927096484794,0.10786093948574,0.157549278479862
"built_density",12,10,0.914941251484858,0.110477514877056,0.160308826685613
"built_density",12,11,0.913168323379319,0.112280395676809,0.161946643369989
"built_density",12,12,0.910405388582695,0.114483067124458,0.16437839308877
"built_density",12,13,0.908087202013455,0.116292952583399,0.166415261621485
"built_density",12,14,0.905996369863827,0.11800812034144,0.16822052939234
"built_density",12,15,0.904293858949168,0.119469367242157,0.16968215666175
"built_density",12,16,0.902398507615225,0.120606353108456,0.171262029198733
"built_density",12,17,0.901138308688451,0.121631464218147,0.17232852863214
"built_density",13,4,0.933675832384184,0.0932409995446059,0.141805323946061
"built_density",13,5,0.931510275505034,0.0950619734888442,0.144168550886983
"built_density",13,6,0.928878358376921,0.0980101058195097,0.146941169159852
"built_density",13,7,0.926078615682644,0.100534205891287,0.149741013096316
"built_density",13,8,0.923599535236876,0.102687654470685,0.152215665268564
"built_density",13,9,0.921440100026644,0.105610961059823,0.154364365322774
"built_density",13,10,0.91887755232466,0.108113782383468,0.156804522367159
"built_density",13,11,0.916674417570203,0.110409752792668,0.158894672796034
"built_density",13,12,0.913982518461253,0.112635642951288,0.161346482891552
"built_density",13,13,0.91215659568591,0.114236634721851,0.163019144612934
"built_density",13,14,0.909587193796849,0.116055445534805,0.165250092567313
"built_density",13,15,0.907783140300044,0.117517090154577,0.166813286615222
"built_density",13,16,0.906153061133238,0.118645721605886,0.168193304370309
"built_density",13,17,0.90467895841948,0.119951270949941,0.169448483656873
"built_density",14,4,0.936743117094603,0.0910598769287525,0.138627560213744
"built_density",14,5,0.934223173961028,0.0932628928283595,0.141411465622098
"built_density",14,6,0.93154448001256,0.0962166318556005,0.144292241867832
"built_density",14,7,0.928288765722413,0.0993148612394891,0.147643894934209
"built_density",14,8,0.926316551226871,0.101463961150552,0.149702571705917
"built_density",14,9,0.924756292534672,0.103868864829169,0.151326569048839
"built_density",14,10,0.922195520600328,0.106410569283523,0.153822712468298
"built_density",14,11,0.919135747810312,0.109002345864068,0.156704853989949
"built_density",14,12,0.916776175149951,0.11103264133959,0.158924579763005
"built_density",14,13,0.914329723699158,0.112914737639894,0.161145342207347
"built_density",14,14,0.912405384058595,0.114475183424381,0.162864446802996
"built_density",14,15,0.910469177843216,0.11590850866428,0.164560942900363
"built_density",14,16,0.90875035836072,0.117249922642791,0.166060700400629
"built_density",14,17,0.907479137356643,0.118275851095508,0.167161754872703
"built_density",15,4,0.937676114712963,0.090419026864636,0.137651574603922
"built_density",15,5,0.936021465886016,0.0921654621122184,0.139553432625536
"built_density",15,6,0.93366357700164,0.0947860658745392,0.1421547295831
"built_density",15,7,0.930439730382412,0.0976013752946878,0.14550691917856
"built_density",15,8,0.927953836267018,0.100457352274769,0.148093525303934
"built_density",15,9,0.926233678122619,0.102740265515246,0.149902649826387
"built_density",15,10,0.923873221757874,0.1051296726961,0.152244140878265
"built_density",15,11,0.921030353710207,0.107480991901786,0.154975461920935
"built_density",15,12,0.918240361466911,0.109631876912217,0.157590299622538
"built_density",15,13,0.916175727475419,0.111426978937984,0.159514753345593
"built_density",15,14,0.914054621208177,0.113117374796539,0.161430569379149
"built_density",15,15,0.911929965856495,0.114667993997282,0.163284454329645
"built_density",15,16,0.910648557492258,0.115949243415473,0.164426830275555
"built_density",15,17,0.909124773275737,0.117284201481042,0.16576922283763
"LST",2,4,0.740161884960322,0.892027272338533,1.3117789598959
"LST",2,5,0.745149157444125,0.879179367738939,1.29613913320438
"LST",2,6,0.75192237498621,0.866352662501622,1.27619821203194
"LST",2,7,0.754341258028345,0.861534926888233,1.26971298440608
"LST",2,8,0.755524891476162,0.858225472790039,1.26651443739533
"LST",2,9,0.759378981696843,0.852433753178427,1.25585042607936
"LST",2,10,0.760517617089729,0.849861246333864,1.25130532171791
"LST",2,11,0.762251041928695,0.84801069800922,1.24636392414537
"LST",2,12,0.76331867006233,0.845661350265943,1.24327151335192
"LST",2,13,0.763884760973699,0.845082233654836,1.24174101319314
"LST",2,14,0.7643189710063,0.844707414080808,1.24073989760106
"LST",2,15,0.764951812755609,0.844322551500703,1.23905237184593
"LST",2,16,0.765233306340914,0.843859887354056,1.23791645543839
"LST",2,17,0.765921494101755,0.843326287318168,1.23577752209003
"LST",3,4,0.790160118959721,0.814592325691952,1.18254899584033
"LST",3,5,0.794522106723083,0.799481683715632,1.17012153311587
"LST",3,6,0.797896854713429,0.790786265868464,1.15862656756682
"LST",3,7,0.799042448380838,0.783894712958763,1.15342554164605
"LST",3,8,0.801138524073617,0.778099290709983,1.14682535258042
"LST",3,9,0.802160096685139,0.774283516617886,1.14200678165807
"LST",3,10,0.804000411951558,0.771818643234252,1.13681187259208
"LST",3,11,0.804871168632549,0.770330123866148,1.13359918600163
"LST",3,12,0.805160832211961,0.769806448966434,1.1326069700208
"LST",3,13,0.805779055025998,0.768357546753592,1.13042572923438
"LST",3,14,0.805032972795109,0.768118444637797,1.13227393075563
"LST",3,15,0.80520865484575,0.766357124144559,1.13136024380177
"LST",3,16,0.80670718885088,0.764262566615202,1.1270415963135
"LST",3,17,0.806697585554473,0.763766959817349,1.12689965165624
"LST",4,4,0.819830678207554,0.745976226590233,1.09994522124213
"LST",4,5,0.828400108700355,0.72800471521535,1.07050975588866
"LST",4,6,0.831048799127405,0.721618378160678,1.05936788522835
"LST",4,7,0.831845121453679,0.716643079782944,1.05611769429006
"LST",4,8,0.8353242229605,0.712717941831501,1.0451202544945
"LST",4,9,0.834129405621285,0.714876025710377,1.04809004346924
"LST",4,10,0.834157738929724,0.714380856459911,1.04696197666524
"LST",4,11,0.834476910718671,0.711384740702165,1.04555043281553
"LST",4,12,0.834377906407262,0.709622401018965,1.04545308695533
"LST",4,13,0.83495550631655,0.708498084287189,1.04393555115196
"LST",4,14,0.835211903654843,0.70803575754435,1.04307102156849
"LST",4,15,0.834862016563754,0.708123563951136,1.04397703763847
"LST",4,16,0.835133134460913,0.706245606542324,1.04308169294663
"LST",4,17,0.835342844589805,0.706482565977048,1.04237140390906
"LST",5,4,0.842582875466267,0.677620066223884,1.0301349716135
"LST",5,5,0.849064667629543,0.66781757206664,1.00503249263325
"LST",5,6,0.85256899019674,0.661482812634223,0.992248999459002
"LST",5,7,0.851986717212239,0.661414445974829,0.993998964139689
"LST",5,8,0.852971698361018,0.65855762404659,0.990150816346117
"LST",5,9,0.853778345187373,0.656596638772642,0.987022042184181
"LST",5,10,0.854609250377637,0.655394362870999,0.983877920181606
"LST",5,11,0.855905094716534,0.655963135327775,0.979417445832736
"LST",5,12,0.854678669734033,0.658396528589479,0.983284975254827
"LST",5,13,0.853613662352748,0.659726302651707,0.986292114614255
"LST",5,14,0.853987801173448,0.660334460136032,0.985181989487919
"LST",5,15,0.853717309768773,0.661176129165642,0.986187950929879
"LST",5,16,0.854268794458076,0.660964403746916,0.984378829011848
"LST",5,17,0.853985346116002,0.66128365965701,0.985307177772064
"LST",6,4,0.878513688107914,0.59200019372489,0.907621035410707
"LST",6,5,0.879339992978123,0.591082682835139,0.902441777744097
"LST",6,6,0.878765929630774,0.592675815991961,0.904136054319514
"LST",6,7,0.876997278902351,0.595437743900244,0.91037087737692
"LST",6,8,0.875369682834743,0.600371311161262,0.915756731738421
"LST",6,9,0.875416190411823,0.604631646834547,0.91536111540402
"LST",6,10,0.875673185575009,0.606730610311524,0.91410527694629
"LST",6,11,0.874920765633448,0.610339837798846,0.916273075778329
"LST",6,12,0.873474102448706,0.612911495741777,0.92110459437036
"LST",6,13,0.873998609683276,0.613706977018071,0.919255002117543
"LST",6,14,0.874042887051804,0.615368897148738,0.919110837898678
"LST",6,15,0.87298578989734,0.619232055999876,0.922857163430447
"LST",6,16,0.871798735144684,0.621169794710093,0.926952967399349
"LST",6,17,0.8712016688858,0.623512878480698,0.928969009407142
"LST",7,4,0.899211377191845,0.536539591489319,0.830902940852317
"LST",7,5,0.89752972050427,0.539033090903402,0.836355193727883
"LST",7,6,0.897787191035344,0.540765109082719,0.83479423766212
"LST",7,7,0.894855590138766,0.550460289853253,0.846174696744288
"LST",7,8,0.894452886957062,0.555952548913927,0.846685804527922
"LST",7,9,0.890868884964593,0.562720909678693,0.859978669658757
"LST",7,10,0.887801194987651,0.569503501771162,0.871368112304936
"LST",7,11,0.887506653745438,0.573107333502192,0.872526224310274
"LST",7,12,0.886752119068452,0.575963727193698,0.875080920775031
"LST",7,13,0.885637383159542,0.580284332306013,0.878945400517029
"LST",7,14,0.884028018467227,0.584567749712716,0.884601830342755
"LST",7,15,0.883163869458605,0.587057777224547,0.887618343240862
"LST",7,16,0.881067012501657,0.592550143806296,0.895245669496354
"LST",7,17,0.880480326558305,0.594766895949558,0.897100207654214
"LST",8,4,0.91070614692687,0.495406658317957,0.78435062955961
"LST",8,5,0.907691835652294,0.504165084201603,0.795437873544091
"LST",8,6,0.908173752353615,0.510069001279359,0.79327145910019
"LST",8,7,0.905695055076954,0.518787340163344,0.803017814320002
"LST",8,8,0.904147442159884,0.525376090410125,0.808657138686724
"LST",8,9,0.900610261456953,0.534154370804375,0.822574457912227
"LST",8,10,0.898690748532647,0.54025635450584,0.830166495571513
"LST",8,11,0.896925176296932,0.545095312817512,0.836775301378534
"LST",8,12,0.895297267504497,0.55132724073269,0.842970089316572
"LST",8,13,0.894223394914222,0.554119265347053,0.846904837399031
"LST",8,14,0.89312033743102,0.557857157705694,0.85111032558038
"LST",8,15,0.89181006642895,0.56185302520526,0.855878177878738
"LST",8,16,0.889215806209095,0.568089657585836,0.865635148078512
"LST",8,17,0.888240084797686,0.57148835520571,0.869194846841737
"LST",9,4,0.91702668060241,0.473792965800198,0.75830561333556
"LST",9,5,0.91458199471383,0.480436030617839,0.767891216115031
"LST",9,6,0.914938055573933,0.487248053031118,0.765458338867254
"LST",9,7,0.912507205590092,0.49658451879462,0.775450634331397
"LST",9,8,0.910129216536263,0.503249380957809,0.784810560133807
"LST",9,9,0.906823474214003,0.511247885262274,0.798102052953225
"LST",9,10,0.906106858570711,0.515693766988147,0.800692676090076
"LST",9,11,0.904195965016472,0.520451091167877,0.808398866087126
"LST",9,12,0.902578246574595,0.528000977125044,0.81452472417735
"LST",9,13,0.901097558563989,0.532663969880152,0.82041315265656
"LST",9,14,0.899748043622483,0.538104504644007,0.82564071472101
"LST",9,15,0.898347973043952,0.54282262170264,0.830963477403724
"LST",9,16,0.896596032039126,0.547388745992107,0.837802434258092
"LST",9,17,0.895355264625157,0.55167998146589,0.84256856992
"LST",10,4,0.921672589417326,0.459050418289982,0.738054969865547
"LST",10,5,0.921422710700702,0.465173393140963,0.737499769806888
"LST",10,6,0.919916273413117,0.474950973589979,0.743160900219486
"LST",10,7,0.918689824408504,0.483475382522584,0.748290763547227
"LST",10,8,0.915530122497677,0.49123436124819,0.761840481874631
"LST",10,9,0.91360007459146,0.496690516985773,0.769833901188389
"LST",10,10,0.911286442885015,0.504059392284916,0.779508290428974
"LST",10,11,0.909560352667543,0.511532332869221,0.78661632326085
"LST",10,12,0.907601973988177,0.518946966963759,0.794588041667748
"LST",10,13,0.905257649302976,0.526167956924113,0.804039387605129
"LST",10,14,0.90404086921134,0.530585528686006,0.80874647879157
"LST",10,15,0.90305937394312,0.535421856208042,0.812573039897858
"LST",10,16,0.901443105496601,0.540298567990318,0.818975583936413
"LST",10,17,0.900768070863356,0.542863326108514,0.821694399278332
"LST",11,4,0.922845277047233,0.45257215961455,0.734042591805913
"LST",11,5,0.926412832027528,0.454029454594807,0.714576518599512
"LST",11,6,0.926769192590335,0.459593544765432,0.711909535961511
"LST",11,7,0.924542613457825,0.469102842834069,0.721544899504085
"LST",11,8,0.920476823997768,0.47906186630198,0.739786219604752
"LST",11,9,0.917121382042696,0.488508146879297,0.7544041837308
"LST",11,10,0.91475929526418,0.495882392772533,0.764608902521661
"LST",11,11,0.912415997432094,0.502084843836103,0.774435640116483
"LST",11,12,0.910683418016864,0.508703642826926,0.781732973409814
"LST",11,13,0.908923355481031,0.515202300234739,0.789019846710054
"LST",11,14,0.906926480250878,0.521971575566153,0.797141449879823
"LST",11,15,0.905724649082149,0.527260289239676,0.801846879417625
"LST",11,16,0.904469600363416,0.531425973179781,0.806867678677272
"LST",11,17,0.903301906250456,0.534823210127081,0.811549124274635
"LST",12,4,0.926445375326323,0.443597996696489,0.716688869257262
"LST",12,5,0.928151796359063,0.444760250259993,0.706139613420659
"LST",12,6,0.927616626929737,0.451756328818064,0.707804332815749
"LST",12,7,0.926012499456727,0.460430923121605,0.714855128052218
"LST",12,8,0.921709580645067,0.471163028008616,0.73422558927876
"LST",12,9,0.91793938703916,0.482114034531694,0.751240614986878
"LST",12,10,0.915952887886506,0.489355437425635,0.759627687240791
"LST",12,11,0.914110503775717,0.494497149648551,0.767298319698244
"LST",12,12,0.911793489039089,0.502876077873465,0.777089148185056
"LST",12,13,0.910394467572861,0.508361657232146,0.782834714300874
"LST",12,14,0.909797600497098,0.512872831714469,0.785255105476413
"LST",12,15,0.907989304164241,0.518219733724849,0.792678377511158
"LST",12,16,0.906038562731013,0.523730886999153,0.800594057155888
"LST",12,17,0.904547600240745,0.529137476681148,0.806592495021652
"LST",13,4,0.931215618544048,0.428345006606703,0.692706353473476
"LST",13,5,0.929759429192745,0.438908800428462,0.69798104663392
"LST",13,6,0.929452985744178,0.445760217215312,0.699010452378845
"LST",13,7,0.928497931418937,0.451926533022351,0.703617321834246
"LST",13,8,0.925237266301209,0.462154508723632,0.718720269020697
"LST",13,9,0.921575830145474,0.472507587655474,0.735502463469185
"LST",13,10,0.918811616394917,0.482432606365988,0.747443072518149
"LST",13,11,0.91777332590056,0.488115523414237,0.751545415182451
"LST",13,12,0.915667631425958,0.494592471497722,0.760737079062253
"LST",13,13,0.913891462221326,0.500440101203947,0.768233223239445
"LST",13,14,0.912099849712431,0.506713131491037,0.775813464316227
"LST",13,15,0.910165017992286,0.511930017058261,0.783811188947498
"LST",13,16,0.908500018249762,0.516626328904117,0.790670682743958
"LST",13,17,0.907048529633914,0.521591678944092,0.796619610852116
"LST",14,4,0.932455737558005,0.427993609205751,0.6863396541156
"LST",14,5,0.931853769849819,0.431778377920835,0.687809109503906
"LST",14,6,0.931068948212057,0.439402258934688,0.690848254422363
"LST",14,7,0.931199204498506,0.446287160690533,0.690380715641064
"LST",14,8,0.927589572396857,0.456585307586738,0.707570933271391
"LST",14,9,0.923352399834454,0.467535324266746,0.727207124219106
"LST",14,10,0.920824692569738,0.477399761600368,0.738378976597912
"LST",14,11,0.918774992722007,0.484573170770915,0.747243015951157
"LST",14,12,0.917059375679591,0.49109424998996,0.754648190236453
"LST",14,13,0.915500342750571,0.495843991578893,0.761410803639021
"LST",14,14,0.913643303330561,0.502540535934713,0.769403023424967
"LST",14,15,0.912168624302924,0.50620985431654,0.775531820480047
"LST",14,16,0.910960479152598,0.511265488425276,0.780546850624476
"LST",14,17,0.909459685668069,0.516285458209876,0.786755569435481
"LST",15,4,0.93434862604113,0.420198320894416,0.676530854592211
"LST",15,5,0.933779531929306,0.425156644500835,0.67828558478956
"LST",15,6,0.933210657848013,0.432877753681286,0.680285259291142
"LST",15,7,0.933108845066889,0.440845354934964,0.680593085017236
"LST",15,8,0.930340852355123,0.449841738386077,0.694125555396412
"LST",15,9,0.927023844904099,0.460596347685146,0.709761563206926
"LST",15,10,0.923797757993166,0.470941475378126,0.724451387575359
"LST",15,11,0.921629189721091,0.477864779340521,0.73417939907886
"LST",15,12,0.919684326281664,0.48491133482839,0.742980831405007
"LST",15,13,0.916920657798907,0.490897529260962,0.755098987809227
"LST",15,14,0.915442030139869,0.497528370072078,0.761486147138516
"LST",15,15,0.914567009448874,0.500581467496001,0.765189207452153
"LST",15,16,0.913114999555854,0.506303015764861,0.771361321771097
"LST",15,17,0.911312387159328,0.511051566177066,0.778998088651008
